Abstract1,"['large520kDamultidomainprotein', 'causes', 'spasticataxiaofCharlevoixSaguenayonechildhoodonsetataxias', 'prominentfeature', 'bundlingin', 'manyneuronalpopulations', 'study', 'identifies', 'domains', 'Peptides', 'encoding', 'ubiquitinlikedomainmodifiedneurofilamentassembly', 'Jdomain', 'had', 'oppositeeffects']"
Abstract2,"['Endometrialcancer', 'isdiagnosedmalignancyin', 'UnitedStates', 'carcinomas', 'represent', 'approximately310%', 'observations', 'implicatePTENinactivationas', 'driver', 'exomesequencing', 'haveuncovered', 'pathogenicaberrationsinhistotype', 'analysis', 'Moreoverresultedin', 'classificationofendometrioidintofoursubgroupsPOLE', 'we', 'discuss', 'potentialimplicationsforcarcinoma']"
Abstract3,"['Trichothiodystrophy', 'belongsto', 'groupofdiseasescharacterizedbyDNArepairanomalies', 'Ocularmanifestations', 'canoccurin', '50%ofcasesincludingcataracterrors', 'patient', 'iswith', 'trichothiodystrophy']"
Abstract4,"['Recentstudies', 'haveshown', 'increasingincidence']"
Abstract5,"['portalperfusion', 'isbypassedby', 'portosystemicshunt', 'livercancer', 'can', 'canassociatedwithCAPVS']"
Abstract6,"['pseudorheumatoiddysplasia', 'is', 'bonedisorder', 'PPRD', 'rare', 'radiologicalfeatures', 'clinicallaboratoryof', 'isdueto', 'mutation', 'diseaseonset', 'progressesover', 'timeleading', 'child', 'developsinvolvementwithout', 'systemicinflammation', 'Genetictesting', 'shouldstartwith', 'studyofgenomicDNA', 'patients', 'iswith', 'typicalPPRDfindings']"
Abstract7,"['diabetes', 'iscommoncomplicationof', 'acromegaly', 'we', 'Hereprovide', 'characterizationfromDPV']"
Abstract8,"['rightatrium', 'Idiopathicenlargementofis', 'veryrareabnormality', 'patients', 'ofonehalfis', '48%', 'symptoms', 'include', 'shortnesspalpitationsarrhythmias', 'We', 'report', 'onesuchcaseofmanwithdisproportionallyenlargedrightatrium', 'echocardiogram', 'demonstrated', 'hugerightatrium', 'Magneticresonanceimaging', 'confirmedatriomegalywith', 'initialcompressionofventricle', 'patient', 'underwent', 'surgicalresection', 'resectedatrium', 'had', 'normalwallthickness']"
Abstract9,"['Acuteretinitis', 'iscondition', 'hasconsidered', 'purpose', 'analyze', 'causes']"
Abstract10,"['antineutrophilcytoplasmicvasculitis', 'overlap', 'syndrome', 'renaldisease', 'predominates', 'organsystem', 'Neurologicmanifestationin', 'patients', 'patient', 'iswith', 'SLEAAV', 'SAH', 'Neurologicinvolvement', 'present', 'consider', 'associationbetweenSLEAAV']"
Abstract11,"['Uvealmelanoma', 'is', 'commonadultintraocularcancer', 'livermetastasis', 'commontonaturalhistoryofdiseasemetastasistoeye', 'we', 'Herereport', 'case', 'patient', 'was', 'referred', 'He', 'have', 'newpigmentedtumor', 'ultrasonography', 'were', 'performed', 'similarcases', 'havedescribed', 'differentialdiagnosis', 'included', 'choroidaltumor']"
Abstract12,"['sepsissurgery', 'induces', 'changes', 'granulocytes', 'increasein', 'sepsis', 'infections', 'arecomplicationof', 'surgery', 'frontlineclinician', 'assessmentwith', 'multicolorflowcytometry']"
Abstract14,"['sclerosis', 'is', 'connectivetissuedisease', 'CCNproteins', 'arefamilyof', 'proteins', 'They', 'have', 'havealreadyimplicatedinkeyprocessesofSSc', 'we', 'discuss', 'possibleimplicationinSScpathogenesiswithfocusonskinfeatures', 'article', 'protected']"
Abstract15,"['NaturalkillerTcelllymphoma', 'is', 'subtype', 'clinicopathologicalfeatures', 'areuniqueamong', 'lymphomas', 'poorprognosis', 'isin', 'absenceofeffectivetreatment', 'staging', 'ensure', 'appropriatetreatmentstrategy']"
Abstract16,"['skull', 'cavernousmalformationsofare', 'relativelyrarebenigntumors', 'Knowledge', 'is', 'poor', 'goals', 'describe', 'manifestations', 'We', 'performed', 'analysis', 'incidence', 'was', '1.15%amongentireseriesofintracranialCMs', 'theirmeanage', '38.7years', 'manifestation', 'Slowlygrowingwas', 'swelling', 'Completelesionresection', 'achieved', 'symptom', 'resolvedbefore', 'discharge', 'meanfollowupperiod', '76.2months', 'patient', 'iswith', 'petroclivalICM', 'differentialdiagnosis', 'isin', 'caseof', 'Surgicalresection', 'should', 'shouldtreatmentofchoiceforpatients']"
Abstract17,"['Megapouch', 'israrecomplicationof', 'restorativeproctocolectomy', 'Little', 'isknownabout', 'clinicalcharacteristicsofentity']"
Abstract18,"['ModifiedChecklist', 'isin', 'Toddlersrevisedfollowup', 'aim', 'validate', 'versioninSpanishpublichealthsystem', 'MCHATRF', 'was', 'translated', '15children', 'werediagnosedwith', 'ASD', 'results', 'aresimilarto', 'English', 'study', 'consider', 'ASDscreeningprogram']"
Abstract19,"['Adamantinomas', 'are', 'bonetumors', 'purpose', 'investigate', 'outcomesofpatientswithadamantinoma']"
Abstract20,"['tumors', 'developingin', 'cord', 'arisingin', 'levelwithdiscretehistopathology', 'We', 'report', 'twocases', 'Magneticresonanceangiography', 'demonstrated', 'severestenosisofterminalportionofbilateralcarotidarteries', 'CranialMRimages', 'showed', 'hematomainbasalgangliaperforating', 'patient', 'underwentremovalAfter', 'conservativemanagement', 'tumor', 'consistedof', 'components', 'extracomponents', 'were', 'schwannomarespectively', 'CraniocervicalMRimages', 'majorextradural', 'extradurallesion', 'was', 'meningioma', 'be', 'shouldconsideredintumors']"
